﻿{"cameraMode":{"drawMode":0,"name":"Shaded","section":"Shading Mode"},"sceneLighting":true,"audioPlay":false,"sceneViewState":{"showFog":true,"showMaterialUpdate":false,"showSkybox":true,"showFlares":true,"showImageEffects":true,"showParticleSystems":true},"in2DMode":false,"pivot":{"x":14.75367259979248,"y":-0.8654446601867676,"z":16.377546310424806},"rotation":{"x":0.1977056860923767,"y":0.14728207886219026,"z":-0.030067501589655877,"w":0.9687985777854919},"size":36.160526275634769,"orthographic":false}